Filename,Type,FPS,Duration,Width,Height
lumalab_10,invalid,24.0,5.041666666666667,1360,752
lumalab_8,invalid,24.0,5.041666666666667,1360,752
lumalab_9,invalid,24.0,5.041666666666667,1360,752
lumalab_4,invalid,24.0,5.25,1360,752
lumalab_5,invalid,24.0,5.25,1360,752
lumalab_7,invalid,24.0,5.041666666666667,1360,752
lumalab_6,invalid,24.0,5.25,1360,752
lumalab_2,invalid,24.0,5.25,1360,752
lumalab_3,invalid,24.0,5.25,1360,752
lumalab_1,invalid,24.0,5.25,1360,752
